Class,Mobilenet
Atelectasis,0.7455038169311431
Cardiomegaly,0.8919141719516501
Consolidation,0.7096879827000309
Edema,0.8480165091666263
Effusion,0.8284754135461422
Emphysema,0.8484058108004325
Fibrosis,0.7914197927638996
Infiltration,0.6815959093602163
Mass,0.7799700353875372
Nodule,0.6957735082752721
Pleural_Thickening,0.7134182731777187
Pneumonia,0.6769408846275431
Pneumothorax,0.8510674000535208
