Class,Mobilenet
Atelectasis,0.7451813403273022
Cardiomegaly,0.902825331551352
Consolidation,0.718065114864213
Edema,0.8593575665602466
Effusion,0.8253626566923546
Emphysema,0.8621230018111663
Fibrosis,0.8044221417864064
Infiltration,0.6862165221524166
Mass,0.7742763507900464
Nodule,0.6977147130290428
Pleural_Thickening,0.713106458491162
Pneumonia,0.671044887607011
Pneumothorax,0.8445246164580937
